[
{
"ref": "t_e7da1ccaf11067a0cfbcc3135b0bb893-710",
"type": "type",
"access_level": "APP",
"access_type": "CREATE"
},
{
"ref": "t_e7da1ccaf11067a0cfbcc3135b0bb893-710",
"type": "type",
"access_level": "APP",
"access_type": "READ"
},
{
"ref": "t_e7da1ccaf11067a0cfbcc3135b0bb893-710",
"type": "type",
"access_level": "APP",
"access_type": "UPDATE"
},
{
"ref": "t_e7da1ccaf11067a0cfbcc3135b0bb893-710",
"type": "type",
"access_level": "APP",
"access_type": "DELETE"
},
{
"ref": "00000001-5203-4f5b-df3e-7f06c795775d",
"type": "object",
"access_level": "CLOUDLET",
"access_type": "READ"
}
]